time,left_hip_pitch,left_hip_roll,left_hip_yaw,left_knee,left_ankle_pitch,left_ankle_roll,right_hip_pitch,right_hip_roll,right_hip_yaw,right_knee,right_ankle_pitch,right_ankle_roll,waist_yaw,waist_roll,waist_pitch,left_shoulder_pitch,left_shoulder_roll,left_shoulder_yaw,left_elbow,left_wrist_roll,left_wrist_pitch,left_wrist_yaw,right_shoulder_pitch,right_shoulder_roll,right_shoulder_yaw,right_elbow,right_wrist_roll,right_wrist_pitch,right_wrist_yaw
0.0,0.0,0.0,0.0,0.0,0.0,0.0,0.0,0.0,0.0,0.0,0.0,0.0,0.0,0.0,0.0,0.0,0.0,0.0,0.0,0.0,0.0,0.0,0.0,0.0,0.0,0.0,0.0,0.0,0.0
0.02,0.0,0.0,0.0,0.0,0.0,0.0,0.0,0.0,0.0,0.0,0.0,0.0,-0.002,0.0,0.0,0.0,0.0,0.0,0.0,0.0,0.0,0.0,-0.005,0.0,0.0,0.01,0.0,0.0,0.0
0.04,0.0,0.0,0.0,0.0,0.0,0.0,0.0,0.0,0.0,0.0,0.0,0.0,-0.004,0.0,0.0,0.0,0.0,0.0,0.0,0.0,0.0,0.0,-0.01,0.0,0.0,0.02,0.0,0.0,0.0
0.06,0.0,0.0,0.0,0.0,0.0,0.0,0.0,0.0,0.0,0.0,0.0,0.0,-0.006,0.0,0.0,0.0,0.0,0.0,0.0,0.0,0.0,0.0,-0.015,0.0,0.0,0.03,0.0,0.0,0.0
0.08,0.0,0.0,0.0,0.0,0.0,0.0,0.0,0.0,0.0,0.0,0.0,0.0,-0.008,0.0,0.0,0.0,0.0,0.0,0.0,0.0,0.0,0.0,-0.02,0.0,0.0,0.04,0.0,0.0,0.0
0.1,0.0,0.0,0.0,0.0,0.0,0.0,0.0,0.0,0.0,0.0,0.0,0.0,-0.01,0.0,0.0,0.0,0.0,0.0,0.0,0.0,0.0,0.0,-0.025,0.0,0.0,0.05,0.0,0.0,0.0
0.12,0.0,0.0,0.0,0.0,0.0,0.0,0.0,0.0,0.0,0.0,0.0,0.0,-0.012,0.0,0.0,0.0,0.0,0.0,0.0,0.0,0.0,0.0,-0.03,0.0,0.0,0.06,0.0,0.0,0.0
0.14,0.0,0.0,0.0,0.0,0.0,0.0,0.0,0.0,0.0,0.0,0.0,0.0,-0.014,0.0,0.0,0.0,0.0,0.0,0.0,0.0,0.0,0.0,-0.035,0.0,0.0,0.07,0.0,0.0,0.0
0.16,0.0,0.0,0.0,0.0,0.0,0.0,0.0,0.0,0.0,0.0,0.0,0.0,-0.016,0.0,0.0,0.0,0.0,0.0,0.0,0.0,0.0,0.0,-0.04,0.0,0.0,0.08,0.0,0.0,0.0
0.18,0.0,0.0,0.0,0.0,0.0,0.0,0.0,0.0,0.0,0.0,0.0,0.0,-0.018,0.0,0.0,0.0,0.0,0.0,0.0,0.0,0.0,0.0,-0.045,0.0,0.0,0.09,0.0,0.0,0.0
0.2,0.0,0.0,0.0,0.0,0.0,0.0,0.0,0.0,0.0,0.0,0.0,0.0,-0.02,0.0,0.0,0.0,0.0,0.0,0.0,0.0,0.0,0.0,-0.05,0.0,0.0,0.1,0.0,0.0,0.0
0.22,0.0,0.0,0.0,0.0,0.0,0.0,0.0,0.0,0.0,0.0,0.0,0.0,-0.022,0.0,0.0,0.0,0.0,0.0,0.0,0.0,0.0,0.0,-0.055,0.0,0.0,0.11,0.0,0.0,0.0
0.24,0.0,0.0,0.0,0.0,0.0,0.0,0.0,0.0,0.0,0.0,0.0,0.0,-0.024,0.0,0.0,0.0,0.0,0.0,0.0,0.0,0.0,0.0,-0.06,0.0,0.0,0.12,0.0,0.0,0.0
0.26,0.0,0.0,0.0,0.0,0.0,0.0,0.0,0.0,0.0,0.0,0.0,0.0,-0.026,0.0,0.0,0.0,0.0,0.0,0.0,0.0,0.0,0.0,-0.065,0.0,0.0,0.13,0.0,0.0,0.0
0.28,0.0,0.0,0.0,0.0,0.0,0.0,0.0,0.0,0.0,0.0,0.0,0.0,-0.028,0.0,0.0,0.0,0.0,0.0,0.0,0.0,0.0,0.0,-0.07,0.0,0.0,0.14,0.0,0.0,0.0
0.3,0.0,0.0,0.0,0.0,0.0,0.0,0.0,0.0,0.0,0.0,0.0,0.0,-0.03,0.0,0.0,0.0,0.0,0.0,0.0,0.0,0.0,0.0,-0.075,0.0,0.0,0.15,0.0,0.0,0.0
0.32,0.0,0.0,0.0,0.0,0.0,0.0,0.0,0.0,0.0,0.0,0.0,0.0,-0.032,0.0,0.0,0.0,0.0,0.0,0.0,0.0,0.0,0.0,-0.08,0.0,0.0,0.16,0.0,0.0,0.0
0.34,0.0,0.0,0.0,0.0,0.0,0.0,0.0,0.0,0.0,0.0,0.0,0.0,-0.034,0.0,0.0,0.0,0.0,0.0,0.0,0.0,0.0,0.0,-0.085,0.0,0.0,0.17,0.0,0.0,0.0
0.36,0.0,0.0,0.0,0.0,0.0,0.0,0.0,0.0,0.0,0.0,0.0,0.0,-0.036,0.0,0.0,0.0,0.0,0.0,0.0,0.0,0.0,0.0,-0.09,0.0,0.0,0.18,0.0,0.0,0.0
0.38,0.0,0.0,0.0,0.0,0.0,0.0,0.0,0.0,0.0,0.0,0.0,0.0,-0.038,0.0,0.0,0.0,0.0,0.0,0.0,0.0,0.0,0.0,-0.095,0.0,0.0,0.19,0.0,0.0,0.0
0.4,0.0,0.0,0.0,0.0,0.0,0.0,0.0,0.0,0.0,0.0,0.0,0.0,-0.04,0.0,0.0,0.0,0.0,0.0,0.0,0.0,0.0,0.0,-0.1,0.0,0.0,0.2,0.0,0.0,0.0
0.42,0.0,0.0,0.0,0.0,0.0,0.0,0.0,0.0,0.0,0.0,0.0,0.0,-0.042,0.0,0.0,0.0,0.0,0.0,0.0,0.0,0.0,0.0,-0.105,0.0,0.0,0.21,0.0,0.0,0.0
0.44,0.0,0.0,0.0,0.0,0.0,0.0,0.0,0.0,0.0,0.0,0.0,0.0,-0.044,0.0,0.0,0.0,0.0,0.0,0.0,0.0,0.0,0.0,-0.11,0.0,0.0,0.22,0.0,0.0,0.0
0.46,0.0,0.0,0.0,0.0,0.0,0.0,0.0,0.0,0.0,0.0,0.0,0.0,-0.046,0.0,0.0,0.0,0.0,0.0,0.0,0.0,0.0,0.0,-0.115,0.0,0.0,0.23,0.0,0.0,0.0
0.48,0.0,0.0,0.0,0.0,0.0,0.0,0.0,0.0,0.0,0.0,0.0,0.0,-0.048,0.0,0.0,0.0,0.0,0.0,0.0,0.0,0.0,0.0,-0.12,0.0,0.0,0.24,0.0,0.0,0.0
0.5,0.0,0.0,0.0,0.0,0.0,0.0,0.0,0.0,0.0,0.0,0.0,0.0,-0.05,0.0,0.0,0.0,0.0,0.0,0.0,0.0,0.0,0.0,-0.125,0.0,0.0,0.25,0.0,0.0,0.0
0.52,0.0,0.0,0.0,0.0,0.0,0.0,0.0,0.0,0.0,0.0,0.0,0.0,-0.052,0.0,0.0,0.0,0.0,0.0,0.0,0.0,0.0,0.0,-0.13,0.0,0.0,0.26,0.0,0.0,0.0
0.54,0.0,0.0,0.0,0.0,0.0,0.0,0.0,0.0,0.0,0.0,0.0,0.0,-0.054,0.0,0.0,0.0,0.0,0.0,0.0,0.0,0.0,0.0,-0.135,0.0,0.0,0.27,0.0,0.0,0.0
0.56,0.0,0.0,0.0,0.0,0.0,0.0,0.0,0.0,0.0,0.0,0.0,0.0,-0.056,0.0,0.0,0.0,0.0,0.0,0.0,0.0,0.0,0.0,-0.14,0.0,0.0,0.28,0.0,0.0,0.0
0.58,0.0,0.0,0.0,0.0,0.0,0.0,0.0,0.0,0.0,0.0,0.0,0.0,-0.058,0.0,0.0,0.0,0.0,0.0,0.0,0.0,0.0,0.0,-0.145,0.0,0.0,0.29,0.0,0.0,0.0
0.6,0.0,0.0,0.0,0.0,0.0,0.0,0.0,0.0,0.0,0.0,0.0,0.0,-0.06,0.0,0.0,0.0,0.0,0.0,0.0,0.0,0.0,0.0,-0.15,0.0,0.0,0.3,0.0,0.0,0.0
0.62,0.0,0.0,0.0,0.0,0.0,0.0,0.0,0.0,0.0,0.0,0.0,0.0,-0.062,0.0,0.0,0.0,0.0,0.0,0.0,0.0,0.0,0.0,-0.155,0.0,0.0,0.31,0.0,0.0,0.0
0.64,0.0,0.0,0.0,0.0,0.0,0.0,0.0,0.0,0.0,0.0,0.0,0.0,-0.064,0.0,0.0,0.0,0.0,0.0,0.0,0.0,0.0,0.0,-0.16,0.0,0.0,0.32,0.0,0.0,0.0
0.66,0.0,0.0,0.0,0.0,0.0,0.0,0.0,0.0,0.0,0.0,0.0,0.0,-0.066,0.0,0.0,0.0,0.0,0.0,0.0,0.0,0.0,0.0,-0.165,0.0,0.0,0.33,0.0,0.0,0.0
0.68,0.0,0.0,0.0,0.0,0.0,0.0,0.0,0.0,0.0,0.0,0.0,0.0,-0.068,0.0,0.0,0.0,0.0,0.0,0.0,0.0,0.0,0.0,-0.17,0.0,0.0,0.34,0.0,0.0,0.0
0.7,0.0,0.0,0.0,0.0,0.0,0.0,0.0,0.0,0.0,0.0,0.0,0.0,-0.07,0.0,0.0,0.0,0.0,0.0,0.0,0.0,0.0,0.0,-0.175,0.0,0.0,0.35,0.0,0.0,0.0
0.72,0.0,0.0,0.0,0.0,0.0,0.0,0.0,0.0,0.0,0.0,0.0,0.0,-0.072,0.0,0.0,0.0,0.0,0.0,0.0,0.0,0.0,0.0,-0.18,0.0,0.0,0.36,0.0,0.0,0.0
0.74,0.0,0.0,0.0,0.0,0.0,0.0,0.0,0.0,0.0,0.0,0.0,0.0,-0.074,0.0,0.0,0.0,0.0,0.0,0.0,0.0,0.0,0.0,-0.185,0.0,0.0,0.37,0.0,0.0,0.0
0.76,0.0,0.0,0.0,0.0,0.0,0.0,0.0,0.0,0.0,0.0,0.0,0.0,-0.076,0.0,0.0,0.0,0.0,0.0,0.0,0.0,0.0,0.0,-0.19,0.0,0.0,0.38,0.0,0.0,0.0
0.78,0.0,0.0,0.0,0.0,0.0,0.0,0.0,0.0,0.0,0.0,0.0,0.0,-0.078,0.0,0.0,0.0,0.0,0.0,0.0,0.0,0.0,0.0,-0.195,0.0,0.0,0.39,0.0,0.0,0.0
0.8,0.0,0.0,0.0,0.0,0.0,0.0,0.0,0.0,0.0,0.0,0.0,0.0,-0.08,0.0,0.0,0.0,0.0,0.0,0.0,0.0,0.0,0.0,-0.2,0.0,0.0,0.4,0.0,0.0,0.0
0.82,0.0,0.0,0.0,0.0,0.0,0.0,0.0,0.0,0.0,0.0,0.0,0.0,-0.082,0.0,0.0,0.0,0.0,0.0,0.0,0.0,0.0,0.0,-0.205,0.0,0.0,0.41,0.0,0.0,0.0
0.84,0.0,0.0,0.0,0.0,0.0,0.0,0.0,0.0,0.0,0.0,0.0,0.0,-0.084,0.0,0.0,0.0,0.0,0.0,0.0,0.0,0.0,0.0,-0.21,0.0,0.0,0.42,0.0,0.0,0.0
0.86,0.0,0.0,0.0,0.0,0.0,0.0,0.0,0.0,0.0,0.0,0.0,0.0,-0.086,0.0,0.0,0.0,0.0,0.0,0.0,0.0,0.0,0.0,-0.215,0.0,0.0,0.43,0.0,0.0,0.0
0.88,0.0,0.0,0.0,0.0,0.0,0.0,0.0,0.0,0.0,0.0,0.0,0.0,-0.088,0.0,0.0,0.0,0.0,0.0,0.0,0.0,0.0,0.0,-0.22,0.0,0.0,0.44,0.0,0.0,0.0
0.9,0.0,0.0,0.0,0.0,0.0,0.0,0.0,0.0,0.0,0.0,0.0,0.0,-0.09,0.0,0.0,0.0,0.0,0.0,0.0,0.0,0.0,0.0,-0.225,0.0,0.0,0.45,0.0,0.0,0.0
0.92,0.0,0.0,0.0,0.0,0.0,0.0,0.0,0.0,0.0,0.0,0.0,0.0,-0.092,0.0,0.0,0.0,0.0,0.0,0.0,0.0,0.0,0.0,-0.23,0.0,0.0,0.46,0.0,0.0,0.0
0.94,0.0,0.0,0.0,0.0,0.0,0.0,0.0,0.0,0.0,0.0,0.0,0.0,-0.094,0.0,0.0,0.0,0.0,0.0,0.0,0.0,0.0,0.0,-0.235,0.0,0.0,0.47,0.0,0.0,0.0
0.96,0.0,0.0,0.0,0.0,0.0,0.0,0.0,0.0,0.0,0.0,0.0,0.0,-0.096,0.0,0.0,0.0,0.0,0.0,0.0,0.0,0.0,0.0,-0.24,0.0,0.0,0.48,0.0,0.0,0.0
0.98,0.0,0.0,0.0,0.0,0.0,0.0,0.0,0.0,0.0,0.0,0.0,0.0,-0.098,0.0,0.0,0.0,0.0,0.0,0.0,0.0,0.0,0.0,-0.245,0.0,0.0,0.49,0.0,0.0,0.0
1.0,0.0,0.0,0.0,0.0,0.0,0.0,0.0,0.0,0.0,0.0,0.0,0.0,-0.1,0.0,0.0,0.0,0.0,0.0,0.0,0.0,0.0,0.0,-0.25,0.0,0.0,0.5,0.0,0.0,0.0
1.02,0.0,0.0,0.0,0.0,0.0,0.0,0.0,0.0,0.0,0.0,0.0,0.0,-0.102,0.0,0.0,0.0,0.0,0.0,0.0,0.0,0.0,0.0,-0.255,0.0,0.0,0.51,0.0,0.0,0.0
1.04,0.0,0.0,0.0,0.0,0.0,0.0,0.0,0.0,0.0,0.0,0.0,0.0,-0.104,0.0,0.0,0.0,0.0,0.0,0.0,0.0,0.0,0.0,-0.26,0.0,0.0,0.52,0.0,0.0,0.0
1.06,0.0,0.0,0.0,0.0,0.0,0.0,0.0,0.0,0.0,0.0,0.0,0.0,-0.106,0.0,0.0,0.0,0.0,0.0,0.0,0.0,0.0,0.0,-0.265,0.0,0.0,0.53,0.0,0.0,0.0
1.08,0.0,0.0,0.0,0.0,0.0,0.0,0.0,0.0,0.0,0.0,0.0,0.0,-0.108,0.0,0.0,0.0,0.0,0.0,0.0,0.0,0.0,0.0,-0.27,0.0,0.0,0.54,0.0,0.0,0.0
1.1,0.0,0.0,0.0,0.0,0.0,0.0,0.0,0.0,0.0,0.0,0.0,0.0,-0.11,0.0,0.0,0.0,0.0,0.0,0.0,0.0,0.0,0.0,-0.275,0.0,0.0,0.55,0.0,0.0,0.0
1.12,0.0,0.0,0.0,0.0,0.0,0.0,0.0,0.0,0.0,0.0,0.0,0.0,-0.112,0.0,0.0,0.0,0.0,0.0,0.0,0.0,0.0,0.0,-0.28,0.0,0.0,0.56,0.0,0.0,0.0
1.14,0.0,0.0,0.0,0.0,0.0,0.0,0.0,0.0,0.0,0.0,0.0,0.0,-0.114,0.0,0.0,0.0,0.0,0.0,0.0,0.0,0.0,0.0,-0.285,0.0,0.0,0.57,0.0,0.0,0.0
1.16,0.0,0.0,0.0,0.0,0.0,0.0,0.0,0.0,0.0,0.0,0.0,0.0,-0.116,0.0,0.0,0.0,0.0,0.0,0.0,0.0,0.0,0.0,-0.29,0.0,0.0,0.58,0.0,0.0,0.0
1.18,0.0,0.0,0.0,0.0,0.0,0.0,0.0,0.0,0.0,0.0,0.0,0.0,-0.118,0.0,0.0,0.0,0.0,0.0,0.0,0.0,0.0,0.0,-0.295,0.0,0.0,0.59,0.0,0.0,0.0
1.2,0.0,0.0,0.0,0.0,0.0,0.0,0.0,0.0,0.0,0.0,0.0,0.0,-0.12,0.0,0.0,0.0,0.0,0.0,0.0,0.0,0.0,0.0,-0.3,0.0,0.0,0.6,0.0,0.0,0.0
1.22,0.0,0.0,0.0,0.0,0.0,0.0,0.0,0.0,0.0,0.0,0.0,0.0,-0.122,0.0,0.0,0.0,0.0,0.0,0.0,0.0,0.0,0.0,-0.305,0.0,0.0,0.61,0.0,0.0,0.0
1.24,0.0,0.0,0.0,0.0,0.0,0.0,0.0,0.0,0.0,0.0,0.0,0.0,-0.124,0.0,0.0,0.0,0.0,0.0,0.0,0.0,0.0,0.0,-0.31,0.0,0.0,0.62,0.0,0.0,0.0
1.26,0.0,0.0,0.0,0.0,0.0,0.0,0.0,0.0,0.0,0.0,0.0,0.0,-0.126,0.0,0.0,0.0,0.0,0.0,0.0,0.0,0.0,0.0,-0.315,0.0,0.0,0.63,0.0,0.0,0.0
1.28,0.0,0.0,0.0,0.0,0.0,0.0,0.0,0.0,0.0,0.0,0.0,0.0,-0.128,0.0,0.0,0.0,0.0,0.0,0.0,0.0,0.0,0.0,-0.32,0.0,0.0,0.64,0.0,0.0,0.0
1.3,0.0,0.0,0.0,0.0,0.0,0.0,0.0,0.0,0.0,0.0,0.0,0.0,-0.13,0.0,0.0,0.0,0.0,0.0,0.0,0.0,0.0,0.0,-0.325,0.0,0.0,0.65,0.0,0.0,0.0
1.32,0.0,0.0,0.0,0.0,0.0,0.0,0.0,0.0,0.0,0.0,0.0,0.0,-0.132,0.0,0.0,0.0,0.0,0.0,0.0,0.0,0.0,0.0,-0.33,0.0,0.0,0.66,0.0,0.0,0.0
1.34,0.0,0.0,0.0,0.0,0.0,0.0,0.0,0.0,0.0,0.0,0.0,0.0,-0.134,0.0,0.0,0.0,0.0,0.0,0.0,0.0,0.0,0.0,-0.335,0.0,0.0,0.67,0.0,0.0,0.0
1.36,0.0,0.0,0.0,0.0,0.0,0.0,0.0,0.0,0.0,0.0,0.0,0.0,-0.136,0.0,0.0,0.0,0.0,0.0,0.0,0.0,0.0,0.0,-0.34,0.0,0.0,0.68,0.0,0.0,0.0
1.38,0.0,0.0,0.0,0.0,0.0,0.0,0.0,0.0,0.0,0.0,0.0,0.0,-0.138,0.0,0.0,0.0,0.0,0.0,0.0,0.0,0.0,0.0,-0.345,0.0,0.0,0.69,0.0,0.0,0.0
1.4,0.0,0.0,0.0,0.0,0.0,0.0,0.0,0.0,0.0,0.0,0.0,0.0,-0.14,0.0,0.0,0.0,0.0,0.0,0.0,0.0,0.0,0.0,-0.35,0.0,0.0,0.7,0.0,0.0,0.0
1.42,0.0,0.0,0.0,0.0,0.0,0.0,0.0,0.0,0.0,0.0,0.0,0.0,-0.142,0.0,0.0,0.0,0.0,0.0,0.0,0.0,0.0,0.0,-0.355,0.0,0.0,0.71,0.0,0.0,0.0
1.44,0.0,0.0,0.0,0.0,0.0,0.0,0.0,0.0,0.0,0.0,0.0,0.0,-0.144,0.0,0.0,0.0,0.0,0.0,0.0,0.0,0.0,0.0,-0.36,0.0,0.0,0.72,0.0,0.0,0.0
1.46,0.0,0.0,0.0,0.0,0.0,0.0,0.0,0.0,0.0,0.0,0.0,0.0,-0.146,0.0,0.0,0.0,0.0,0.0,0.0,0.0,0.0,0.0,-0.365,0.0,0.0,0.73,0.0,0.0,0.0
1.48,0.0,0.0,0.0,0.0,0.0,0.0,0.0,0.0,0.0,0.0,0.0,0.0,-0.148,0.0,0.0,0.0,0.0,0.0,0.0,0.0,0.0,0.0,-0.37,0.0,0.0,0.74,0.0,0.0,0.0
1.5,0.0,0.0,0.0,0.0,0.0,0.0,0.0,0.0,0.0,0.0,0.0,0.0,-0.15,0.0,0.0,0.0,0.0,0.0,0.0,0.0,0.0,0.0,-0.375,0.0,0.0,0.75,0.0,0.0,0.0
1.52,0.0,0.0,0.0,0.0,0.0,0.0,0.0,0.0,0.0,0.0,0.0,0.0,-0.152,0.0,0.0,0.0,0.0,0.0,0.0,0.0,0.0,0.0,-0.38,0.0,0.0,0.76,0.0,0.0,0.0
1.54,0.0,0.0,0.0,0.0,0.0,0.0,0.0,0.0,0.0,0.0,0.0,0.0,-0.154,0.0,0.0,0.0,0.0,0.0,0.0,0.0,0.0,0.0,-0.385,0.0,0.0,0.77,0.0,0.0,0.0
1.56,0.0,0.0,0.0,0.0,0.0,0.0,0.0,0.0,0.0,0.0,0.0,0.0,-0.156,0.0,0.0,0.0,0.0,0.0,0.0,0.0,0.0,0.0,-0.39,0.0,0.0,0.78,0.0,0.0,0.0
1.58,0.0,0.0,0.0,0.0,0.0,0.0,0.0,0.0,0.0,0.0,0.0,0.0,-0.158,0.0,0.0,0.0,0.0,0.0,0.0,0.0,0.0,0.0,-0.395,0.0,0.0,0.79,0.0,0.0,0.0
1.6,0.0,0.0,0.0,0.0,0.0,0.0,0.0,0.0,0.0,0.0,0.0,0.0,-0.16,0.0,0.0,0.0,0.0,0.0,0.0,0.0,0.0,0.0,-0.4,0.0,0.0,0.8,0.0,0.0,0.0
1.62,0.0,0.0,0.0,0.0,0.0,0.0,0.0,0.0,0.0,0.0,0.0,0.0,-0.162,0.0,0.0,0.0,0.0,0.0,0.0,0.0,0.0,0.0,-0.405,0.0,0.0,0.81,0.0,0.0,0.0
1.64,0.0,0.0,0.0,0.0,0.0,0.0,0.0,0.0,0.0,0.0,0.0,0.0,-0.164,0.0,0.0,0.0,0.0,0.0,0.0,0.0,0.0,0.0,-0.41,0.0,0.0,0.82,0.0,0.0,0.0
1.66,0.0,0.0,0.0,0.0,0.0,0.0,0.0,0.0,0.0,0.0,0.0,0.0,-0.166,0.0,0.0,0.0,0.0,0.0,0.0,0.0,0.0,0.0,-0.415,0.0,0.0,0.83,0.0,0.0,0.0
1.68,0.0,0.0,0.0,0.0,0.0,0.0,0.0,0.0,0.0,0.0,0.0,0.0,-0.168,0.0,0.0,0.0,0.0,0.0,0.0,0.0,0.0,0.0,-0.42,0.0,0.0,0.84,0.0,0.0,0.0
1.7,0.0,0.0,0.0,0.0,0.0,0.0,0.0,0.0,0.0,0.0,0.0,0.0,-0.17,0.0,0.0,0.0,0.0,0.0,0.0,0.0,0.0,0.0,-0.425,0.0,0.0,0.85,0.0,0.0,0.0
1.72,0.0,0.0,0.0,0.0,0.0,0.0,0.0,0.0,0.0,0.0,0.0,0.0,-0.172,0.0,0.0,0.0,0.0,0.0,0.0,0.0,0.0,0.0,-0.43,0.0,0.0,0.86,0.0,0.0,0.0
1.74,0.0,0.0,0.0,0.0,0.0,0.0,0.0,0.0,0.0,0.0,0.0,0.0,-0.174,0.0,0.0,0.0,0.0,0.0,0.0,0.0,0.0,0.0,-0.435,0.0,0.0,0.87,0.0,0.0,0.0
1.76,0.0,0.0,0.0,0.0,0.0,0.0,0.0,0.0,0.0,0.0,0.0,0.0,-0.176,0.0,0.0,0.0,0.0,0.0,0.0,0.0,0.0,0.0,-0.44,0.0,0.0,0.88,0.0,0.0,0.0
1.78,0.0,0.0,0.0,0.0,0.0,0.0,0.0,0.0,0.0,0.0,0.0,0.0,-0.178,0.0,0.0,0.0,0.0,0.0,0.0,0.0,0.0,0.0,-0.445,0.0,0.0,0.89,0.0,0.0,0.0
1.8,0.0,0.0,0.0,0.0,0.0,0.0,0.0,0.0,0.0,0.0,0.0,0.0,-0.18,0.0,0.0,0.0,0.0,0.0,0.0,0.0,0.0,0.0,-0.45,0.0,0.0,0.9,0.0,0.0,0.0
1.82,0.0,0.0,0.0,0.0,0.0,0.0,0.0,0.0,0.0,0.0,0.0,0.0,-0.182,0.0,0.0,0.0,0.0,0.0,0.0,0.0,0.0,0.0,-0.455,0.0,0.0,0.91,0.0,0.0,0.0
1.84,0.0,0.0,0.0,0.0,0.0,0.0,0.0,0.0,0.0,0.0,0.0,0.0,-0.184,0.0,0.0,0.0,0.0,0.0,0.0,0.0,0.0,0.0,-0.46,0.0,0.0,0.92,0.0,0.0,0.0
1.86,0.0,0.0,0.0,0.0,0.0,0.0,0.0,0.0,0.0,0.0,0.0,0.0,-0.186,0.0,0.0,0.0,0.0,0.0,0.0,0.0,0.0,0.0,-0.465,0.0,0.0,0.93,0.0,0.0,0.0
1.88,0.0,0.0,0.0,0.0,0.0,0.0,0.0,0.0,0.0,0.0,0.0,0.0,-0.188,0.0,0.0,0.0,0.0,0.0,0.0,0.0,0.0,0.0,-0.47,0.0,0.0,0.94,0.0,0.0,0.0
1.9,0.0,0.0,0.0,0.0,0.0,0.0,0.0,0.0,0.0,0.0,0.0,0.0,-0.19,0.0,0.0,0.0,0.0,0.0,0.0,0.0,0.0,0.0,-0.475,0.0,0.0,0.95,0.0,0.0,0.0
1.92,0.0,0.0,0.0,0.0,0.0,0.0,0.0,0.0,0.0,0.0,0.0,0.0,-0.192,0.0,0.0,0.0,0.0,0.0,0.0,0.0,0.0,0.0,-0.48,0.0,0.0,0.96,0.0,0.0,0.0
1.94,0.0,0.0,0.0,0.0,0.0,0.0,0.0,0.0,0.0,0.0,0.0,0.0,-0.194,0.0,0.0,0.0,0.0,0.0,0.0,0.0,0.0,0.0,-0.485,0.0,0.0,0.97,0.0,0.0,0.0
1.96,0.0,0.0,0.0,0.0,0.0,0.0,0.0,0.0,0.0,0.0,0.0,0.0,-0.196,0.0,0.0,0.0,0.0,0.0,0.0,0.0,0.0,0.0,-0.49,0.0,0.0,0.98,0.0,0.0,0.0
1.98,0.0,0.0,0.0,0.0,0.0,0.0,0.0,0.0,0.0,0.0,0.0,0.0,-0.198,0.0,0.0,0.0,0.0,0.0,0.0,0.0,0.0,0.0,-0.495,0.0,0.0,0.99,0.0,0.0,0.0
2.0,0.0,0.0,0.0,0.0,0.0,0.0,0.0,0.0,0.0,0.0,0.0,0.0,-0.2,0.0,0.0,-0.0,0.0,0.0,0.0,0.0,0.0,0.0,-0.5,0.0,0.0,1.0,0.0,0.0,0.0
2.02,0.0,0.0,0.0,0.0,0.0,0.0,0.0,0.0,0.0,0.0,0.0,0.0,-0.18,0.0,0.0,-0.008,0.004,0.0,0.0,0.0,0.0,0.0,-0.52,0.0,0.0,0.964,0.0,0.0,0.0
2.04,0.0,0.0,0.0,0.0,0.0,0.0,0.0,0.0,0.0,0.0,0.0,0.0,-0.16,0.0,0.0,-0.016,0.008,0.0,0.0,0.0,0.0,0.0,-0.54,0.0,0.0,0.928,0.0,0.0,0.0
2.06,0.0,0.0,0.0,0.0,0.0,0.0,0.0,0.0,0.0,0.0,0.0,0.0,-0.14,0.0,0.0,-0.024,0.012,0.0,0.0,0.0,0.0,0.0,-0.56,0.0,0.0,0.892,0.0,0.0,0.0
2.08,0.0,0.0,0.0,0.0,0.0,0.0,0.0,0.0,0.0,0.0,0.0,0.0,-0.12,0.0,0.0,-0.032,0.016,0.0,0.0,0.0,0.0,0.0,-0.58,0.0,0.0,0.856,0.0,0.0,0.0
2.1,0.0,0.0,0.0,0.0,0.0,0.0,0.0,0.0,0.0,0.0,0.0,0.0,-0.1,0.0,0.0,-0.04,0.02,0.0,0.0,0.0,0.0,0.0,-0.6,0.0,0.0,0.82,0.0,0.0,0.0
2.12,0.0,0.0,0.0,0.0,0.0,0.0,0.0,0.0,0.0,0.0,0.0,0.0,-0.08,0.0,0.0,-0.048,0.024,0.0,0.0,0.0,0.0,0.0,-0.62,0.0,0.0,0.784,0.0,0.0,0.0
2.14,0.0,0.0,0.0,0.0,0.0,0.0,0.0,0.0,0.0,0.0,0.0,0.0,-0.06,0.0,0.0,-0.056,0.028,0.0,0.0,0.0,0.0,0.0,-0.64,0.0,0.0,0.748,0.0,0.0,0.0
2.16,0.0,0.0,0.0,0.0,0.0,0.0,0.0,0.0,0.0,0.0,0.0,0.0,-0.04,0.0,0.0,-0.064,0.032,0.0,0.0,0.0,0.0,0.0,-0.66,0.0,0.0,0.712,0.0,0.0,0.0
2.18,0.0,0.0,0.0,0.0,0.0,0.0,0.0,0.0,0.0,0.0,0.0,0.0,-0.02,0.0,0.0,-0.072,0.036,0.0,0.0,0.0,0.0,0.0,-0.68,0.0,0.0,0.676,0.0,0.0,0.0
2.2,0.0,0.0,0.0,0.0,0.0,0.0,0.0,0.0,0.0,0.0,0.0,0.0,0.0,0.0,0.0,-0.08,0.04,0.0,0.0,0.0,0.0,0.0,-0.7,0.0,0.0,0.64,0.0,0.0,0.0
2.22,0.0,0.0,0.0,0.0,0.0,0.0,0.0,0.0,0.0,0.0,0.0,0.0,0.02,0.0,0.0,-0.088,0.044,0.0,0.0,0.0,0.0,0.0,-0.72,0.0,0.0,0.604,0.0,0.0,0.0
2.24,0.0,0.0,0.0,0.0,0.0,0.0,0.0,0.0,0.0,0.0,0.0,0.0,0.04,0.0,0.0,-0.096,0.048,0.0,0.0,0.0,0.0,0.0,-0.74,0.0,0.0,0.568,0.0,0.0,0.0
2.26,0.0,0.0,0.0,0.0,0.0,0.0,0.0,0.0,0.0,0.0,0.0,0.0,0.06,0.0,0.0,-0.104,0.052,0.0,0.0,0.0,0.0,0.0,-0.76,0.0,0.0,0.532,0.0,0.0,0.0
2.28,0.0,0.0,0.0,0.0,0.0,0.0,0.0,0.0,0.0,0.0,0.0,0.0,0.08,0.0,0.0,-0.112,0.056,0.0,0.0,0.0,0.0,0.0,-0.78,0.0,0.0,0.496,0.0,0.0,0.0
2.3,0.0,0.0,0.0,0.0,0.0,0.0,0.0,0.0,0.0,0.0,0.0,0.0,0.1,0.0,0.0,-0.12,0.06,0.0,0.0,0.0,0.0,0.0,-0.8,0.0,0.0,0.46,0.0,0.0,0.0
2.32,0.0,0.0,0.0,0.0,0.0,0.0,0.0,0.0,0.0,0.0,0.0,0.0,0.12,0.0,0.0,-0.128,0.064,0.0,0.0,0.0,0.0,0.0,-0.82,0.0,0.0,0.424,0.0,0.0,0.0
2.34,0.0,0.0,0.0,0.0,0.0,0.0,0.0,0.0,0.0,0.0,0.0,0.0,0.14,0.0,0.0,-0.136,0.068,0.0,0.0,0.0,0.0,0.0,-0.84,0.0,0.0,0.388,0.0,0.0,0.0
2.36,0.0,0.0,0.0,0.0,0.0,0.0,0.0,0.0,0.0,0.0,0.0,0.0,0.16,0.0,0.0,-0.144,0.072,0.0,0.0,0.0,0.0,0.0,-0.86,0.0,0.0,0.352,0.0,0.0,0.0
2.38,0.0,0.0,0.0,0.0,0.0,0.0,0.0,0.0,0.0,0.0,0.0,0.0,0.18,0.0,0.0,-0.152,0.076,0.0,0.0,0.0,0.0,0.0,-0.88,0.0,0.0,0.316,0.0,0.0,0.0
2.4,0.0,0.0,0.0,0.0,0.0,0.0,0.0,0.0,0.0,0.0,0.0,0.0,0.2,0.0,0.0,-0.16,0.08,0.0,0.0,0.0,0.0,0.0,-0.9,0.0,0.0,0.28,0.0,0.0,0.0
2.42,0.0,0.0,0.0,0.0,0.0,0.0,0.0,0.0,0.0,0.0,0.0,0.0,0.22,0.0,0.0,-0.168,0.084,0.0,0.0,0.0,0.0,0.0,-0.92,0.0,0.0,0.244,0.0,0.0,0.0
2.44,0.0,0.0,0.0,0.0,0.0,0.0,0.0,0.0,0.0,0.0,0.0,0.0,0.24,0.0,0.0,-0.176,0.088,0.0,0.0,0.0,0.0,0.0,-0.94,0.0,0.0,0.208,0.0,0.0,0.0
2.46,0.0,0.0,0.0,0.0,0.0,0.0,0.0,0.0,0.0,0.0,0.0,0.0,0.26,0.0,0.0,-0.184,0.092,0.0,0.0,0.0,0.0,0.0,-0.96,0.0,0.0,0.172,0.0,0.0,0.0
2.48,0.0,0.0,0.0,0.0,0.0,0.0,0.0,0.0,0.0,0.0,0.0,0.0,0.28,0.0,0.0,-0.192,0.096,0.0,0.0,0.0,0.0,0.0,-0.98,0.0,0.0,0.136,0.0,0.0,0.0
2.5,0.0,0.0,0.0,0.0,0.0,0.0,0.0,0.0,0.0,0.0,0.0,0.0,0.3,0.0,0.0,-0.2,0.1,0.0,0.0,0.0,0.0,0.0,-1.0,0.0,0.0,0.1,0.0,0.0,0.0
2.52,0.0,0.0,0.0,0.0,0.0,0.0,0.0,0.0,0.0,0.0,0.0,0.0,0.294,0.0,0.0,-0.2,0.1,0.0,0.0,0.0,0.0,0.0,-0.99,0.0,0.0,0.118,0.0,0.0,0.0
2.54,0.0,0.0,0.0,0.0,0.0,0.0,0.0,0.0,0.0,0.0,0.0,0.0,0.288,0.0,0.0,-0.2,0.1,0.0,0.0,0.0,0.0,0.0,-0.98,0.0,0.0,0.136,0.0,0.0,0.0
2.56,0.0,0.0,0.0,0.0,0.0,0.0,0.0,0.0,0.0,0.0,0.0,0.0,0.282,0.0,0.0,-0.2,0.1,0.0,0.0,0.0,0.0,0.0,-0.97,0.0,0.0,0.154,0.0,0.0,0.0
2.58,0.0,0.0,0.0,0.0,0.0,0.0,0.0,0.0,0.0,0.0,0.0,0.0,0.276,0.0,0.0,-0.2,0.1,0.0,0.0,0.0,0.0,0.0,-0.96,0.0,0.0,0.172,0.0,0.0,0.0
2.6,0.0,0.0,0.0,0.0,0.0,0.0,0.0,0.0,0.0,0.0,0.0,0.0,0.27,0.0,0.0,-0.2,0.1,0.0,0.0,0.0,0.0,0.0,-0.95,0.0,0.0,0.19,0.0,0.0,0.0
2.62,0.0,0.0,0.0,0.0,0.0,0.0,0.0,0.0,0.0,0.0,0.0,0.0,0.264,0.0,0.0,-0.2,0.1,0.0,0.0,0.0,0.0,0.0,-0.94,0.0,0.0,0.208,0.0,0.0,0.0
2.64,0.0,0.0,0.0,0.0,0.0,0.0,0.0,0.0,0.0,0.0,0.0,0.0,0.258,0.0,0.0,-0.2,0.1,0.0,0.0,0.0,0.0,0.0,-0.93,0.0,0.0,0.226,0.0,0.0,0.0
2.66,0.0,0.0,0.0,0.0,0.0,0.0,0.0,0.0,0.0,0.0,0.0,0.0,0.252,0.0,0.0,-0.2,0.1,0.0,0.0,0.0,0.0,0.0,-0.92,0.0,0.0,0.244,0.0,0.0,0.0
2.68,0.0,0.0,0.0,0.0,0.0,0.0,0.0,0.0,0.0,0.0,0.0,0.0,0.246,0.0,0.0,-0.2,0.1,0.0,0.0,0.0,0.0,0.0,-0.91,0.0,0.0,0.262,0.0,0.0,0.0
2.7,0.0,0.0,0.0,0.0,0.0,0.0,0.0,0.0,0.0,0.0,0.0,0.0,0.24,0.0,0.0,-0.2,0.1,0.0,0.0,0.0,0.0,0.0,-0.9,0.0,0.0,0.28,0.0,0.0,0.0
2.72,0.0,0.0,0.0,0.0,0.0,0.0,0.0,0.0,0.0,0.0,0.0,0.0,0.234,0.0,0.0,-0.2,0.1,0.0,0.0,0.0,0.0,0.0,-0.89,0.0,0.0,0.298,0.0,0.0,0.0
2.74,0.0,0.0,0.0,0.0,0.0,0.0,0.0,0.0,0.0,0.0,0.0,0.0,0.228,0.0,0.0,-0.2,0.1,0.0,0.0,0.0,0.0,0.0,-0.88,0.0,0.0,0.316,0.0,0.0,0.0
2.76,0.0,0.0,0.0,0.0,0.0,0.0,0.0,0.0,0.0,0.0,0.0,0.0,0.222,0.0,0.0,-0.2,0.1,0.0,0.0,0.0,0.0,0.0,-0.87,0.0,0.0,0.334,0.0,0.0,0.0
2.78,0.0,0.0,0.0,0.0,0.0,0.0,0.0,0.0,0.0,0.0,0.0,0.0,0.216,0.0,0.0,-0.2,0.1,0.0,0.0,0.0,0.0,0.0,-0.86,0.0,0.0,0.352,0.0,0.0,0.0
2.8,0.0,0.0,0.0,0.0,0.0,0.0,0.0,0.0,0.0,0.0,0.0,0.0,0.21,0.0,0.0,-0.2,0.1,0.0,0.0,0.0,0.0,0.0,-0.85,0.0,0.0,0.37,0.0,0.0,0.0
2.82,0.0,0.0,0.0,0.0,0.0,0.0,0.0,0.0,0.0,0.0,0.0,0.0,0.204,0.0,0.0,-0.2,0.1,0.0,0.0,0.0,0.0,0.0,-0.84,0.0,0.0,0.388,0.0,0.0,0.0
2.84,0.0,0.0,0.0,0.0,0.0,0.0,0.0,0.0,0.0,0.0,0.0,0.0,0.198,0.0,0.0,-0.2,0.1,0.0,0.0,0.0,0.0,0.0,-0.83,0.0,0.0,0.406,0.0,0.0,0.0
2.86,0.0,0.0,0.0,0.0,0.0,0.0,0.0,0.0,0.0,0.0,0.0,0.0,0.192,0.0,0.0,-0.2,0.1,0.0,0.0,0.0,0.0,0.0,-0.82,0.0,0.0,0.424,0.0,0.0,0.0
2.88,0.0,0.0,0.0,0.0,0.0,0.0,0.0,0.0,0.0,0.0,0.0,0.0,0.186,0.0,0.0,-0.2,0.1,0.0,0.0,0.0,0.0,0.0,-0.81,0.0,0.0,0.442,0.0,0.0,0.0
2.9,0.0,0.0,0.0,0.0,0.0,0.0,0.0,0.0,0.0,0.0,0.0,0.0,0.18,0.0,0.0,-0.2,0.1,0.0,0.0,0.0,0.0,0.0,-0.8,0.0,0.0,0.46,0.0,0.0,0.0
2.92,0.0,0.0,0.0,0.0,0.0,0.0,0.0,0.0,0.0,0.0,0.0,0.0,0.174,0.0,0.0,-0.2,0.1,0.0,0.0,0.0,0.0,0.0,-0.79,0.0,0.0,0.478,0.0,0.0,0.0
2.94,0.0,0.0,0.0,0.0,0.0,0.0,0.0,0.0,0.0,0.0,0.0,0.0,0.168,0.0,0.0,-0.2,0.1,0.0,0.0,0.0,0.0,0.0,-0.78,0.0,0.0,0.496,0.0,0.0,0.0
2.96,0.0,0.0,0.0,0.0,0.0,0.0,0.0,0.0,0.0,0.0,0.0,0.0,0.162,0.0,0.0,-0.2,0.1,0.0,0.0,0.0,0.0,0.0,-0.77,0.0,0.0,0.514,0.0,0.0,0.0
2.98,0.0,0.0,0.0,0.0,0.0,0.0,0.0,0.0,0.0,0.0,0.0,0.0,0.156,0.0,0.0,-0.2,0.1,0.0,0.0,0.0,0.0,0.0,-0.76,0.0,0.0,0.532,0.0,0.0,0.0
3.0,0.0,0.0,0.0,0.0,0.0,0.0,0.0,0.0,0.0,0.0,0.0,0.0,0.15,0.0,0.0,-0.2,0.1,0.0,0.0,0.0,0.0,0.0,-0.75,0.0,0.0,0.55,0.0,0.0,0.0
3.02,0.0,0.0,0.0,0.0,0.0,0.0,0.0,0.0,0.0,0.0,0.0,0.0,0.144,0.0,0.0,-0.2,0.1,0.0,0.0,0.0,0.0,0.0,-0.74,0.0,0.0,0.568,0.0,0.0,0.0
3.04,0.0,0.0,0.0,0.0,0.0,0.0,0.0,0.0,0.0,0.0,0.0,0.0,0.138,0.0,0.0,-0.2,0.1,0.0,0.0,0.0,0.0,0.0,-0.73,0.0,0.0,0.586,0.0,0.0,0.0
3.06,0.0,0.0,0.0,0.0,0.0,0.0,0.0,0.0,0.0,0.0,0.0,0.0,0.132,0.0,0.0,-0.2,0.1,0.0,0.0,0.0,0.0,0.0,-0.72,0.0,0.0,0.604,0.0,0.0,0.0
3.08,0.0,0.0,0.0,0.0,0.0,0.0,0.0,0.0,0.0,0.0,0.0,0.0,0.126,0.0,0.0,-0.2,0.1,0.0,0.0,0.0,0.0,0.0,-0.71,0.0,0.0,0.622,0.0,0.0,0.0
3.1,0.0,0.0,0.0,0.0,0.0,0.0,0.0,0.0,0.0,0.0,0.0,0.0,0.12,0.0,0.0,-0.2,0.1,0.0,0.0,0.0,0.0,0.0,-0.7,0.0,0.0,0.64,0.0,0.0,0.0
3.12,0.0,0.0,0.0,0.0,0.0,0.0,0.0,0.0,0.0,0.0,0.0,0.0,0.114,0.0,0.0,-0.2,0.1,0.0,0.0,0.0,0.0,0.0,-0.69,0.0,0.0,0.658,0.0,0.0,0.0
3.14,0.0,0.0,0.0,0.0,0.0,0.0,0.0,0.0,0.0,0.0,0.0,0.0,0.108,0.0,0.0,-0.2,0.1,0.0,0.0,0.0,0.0,0.0,-0.68,0.0,0.0,0.676,0.0,0.0,0.0
3.16,0.0,0.0,0.0,0.0,0.0,0.0,0.0,0.0,0.0,0.0,0.0,0.0,0.102,0.0,0.0,-0.2,0.1,0.0,0.0,0.0,0.0,0.0,-0.67,0.0,0.0,0.694,0.0,0.0,0.0
3.18,0.0,0.0,0.0,0.0,0.0,0.0,0.0,0.0,0.0,0.0,0.0,0.0,0.096,0.0,0.0,-0.2,0.1,0.0,0.0,0.0,0.0,0.0,-0.66,0.0,0.0,0.712,0.0,0.0,0.0
3.2,0.0,0.0,0.0,0.0,0.0,0.0,0.0,0.0,0.0,0.0,0.0,0.0,0.09,0.0,0.0,-0.2,0.1,0.0,0.0,0.0,0.0,0.0,-0.65,0.0,0.0,0.73,0.0,0.0,0.0
3.22,0.0,0.0,0.0,0.0,0.0,0.0,0.0,0.0,0.0,0.0,0.0,0.0,0.084,0.0,0.0,-0.2,0.1,0.0,0.0,0.0,0.0,0.0,-0.64,0.0,0.0,0.748,0.0,0.0,0.0
3.24,0.0,0.0,0.0,0.0,0.0,0.0,0.0,0.0,0.0,0.0,0.0,0.0,0.078,0.0,0.0,-0.2,0.1,0.0,0.0,0.0,0.0,0.0,-0.63,0.0,0.0,0.766,0.0,0.0,0.0
3.26,0.0,0.0,0.0,0.0,0.0,0.0,0.0,0.0,0.0,0.0,0.0,0.0,0.072,0.0,0.0,-0.2,0.1,0.0,0.0,0.0,0.0,0.0,-0.62,0.0,0.0,0.784,0.0,0.0,0.0
3.28,0.0,0.0,0.0,0.0,0.0,0.0,0.0,0.0,0.0,0.0,0.0,0.0,0.066,0.0,0.0,-0.2,0.1,0.0,0.0,0.0,0.0,0.0,-0.61,0.0,0.0,0.802,0.0,0.0,0.0
3.3,0.0,0.0,0.0,0.0,0.0,0.0,0.0,0.0,0.0,0.0,0.0,0.0,0.06,0.0,0.0,-0.2,0.1,0.0,0.0,0.0,0.0,0.0,-0.6,0.0,0.0,0.82,0.0,0.0,0.0
3.32,0.0,0.0,0.0,0.0,0.0,0.0,0.0,0.0,0.0,0.0,0.0,0.0,0.054,0.0,0.0,-0.2,0.1,0.0,0.0,0.0,0.0,0.0,-0.59,0.0,0.0,0.838,0.0,0.0,0.0
3.34,0.0,0.0,0.0,0.0,0.0,0.0,0.0,0.0,0.0,0.0,0.0,0.0,0.048,0.0,0.0,-0.2,0.1,0.0,0.0,0.0,0.0,0.0,-0.58,0.0,0.0,0.856,0.0,0.0,0.0
3.36,0.0,0.0,0.0,0.0,0.0,0.0,0.0,0.0,0.0,0.0,0.0,0.0,0.042,0.0,0.0,-0.2,0.1,0.0,0.0,0.0,0.0,0.0,-0.57,0.0,0.0,0.874,0.0,0.0,0.0
3.38,0.0,0.0,0.0,0.0,0.0,0.0,0.0,0.0,0.0,0.0,0.0,0.0,0.036,0.0,0.0,-0.2,0.1,0.0,0.0,0.0,0.0,0.0,-0.56,0.0,0.0,0.892,0.0,0.0,0.0
3.4,0.0,0.0,0.0,0.0,0.0,0.0,0.0,0.0,0.0,0.0,0.0,0.0,0.03,0.0,0.0,-0.2,0.1,0.0,0.0,0.0,0.0,0.0,-0.55,0.0,0.0,0.91,0.0,0.0,0.0
3.42,0.0,0.0,0.0,0.0,0.0,0.0,0.0,0.0,0.0,0.0,0.0,0.0,0.024,0.0,0.0,-0.2,0.1,0.0,0.0,0.0,0.0,0.0,-0.54,0.0,0.0,0.928,0.0,0.0,0.0
3.44,0.0,0.0,0.0,0.0,0.0,0.0,0.0,0.0,0.0,0.0,0.0,0.0,0.018,0.0,0.0,-0.2,0.1,0.0,0.0,0.0,0.0,0.0,-0.53,0.0,0.0,0.946,0.0,0.0,0.0
3.46,0.0,0.0,0.0,0.0,0.0,0.0,0.0,0.0,0.0,0.0,0.0,0.0,0.012,0.0,0.0,-0.2,0.1,0.0,0.0,0.0,0.0,0.0,-0.52,0.0,0.0,0.964,0.0,0.0,0.0
3.48,0.0,0.0,0.0,0.0,0.0,0.0,0.0,0.0,0.0,0.0,0.0,0.0,0.006,0.0,0.0,-0.2,0.1,0.0,0.0,0.0,0.0,0.0,-0.51,0.0,0.0,0.982,0.0,0.0,0.0
3.5,0.0,0.0,0.0,0.0,0.0,0.0,0.0,0.0,0.0,0.0,0.0,0.0,0.0,0.0,0.0,-0.2,0.1,0.0,0.0,0.0,0.0,0.0,-0.5,0.0,0.0,1.0,0.0,0.0,0.0
3.52,0.0,0.0,0.0,0.0,0.0,0.0,0.0,0.0,0.0,0.0,0.0,0.0,0.0,0.0,0.0,-0.197333,0.098667,0.0,0.0,0.0,0.0,0.0,-0.493333,0.0,0.0,0.986667,0.0,0.0,0.0
3.54,0.0,0.0,0.0,0.0,0.0,0.0,0.0,0.0,0.0,0.0,0.0,0.0,0.0,0.0,0.0,-0.194667,0.097333,0.0,0.0,0.0,0.0,0.0,-0.486667,0.0,0.0,0.973333,0.0,0.0,0.0
3.56,0.0,0.0,0.0,0.0,0.0,0.0,0.0,0.0,0.0,0.0,0.0,0.0,0.0,0.0,0.0,-0.192,0.096,0.0,0.0,0.0,0.0,0.0,-0.48,0.0,0.0,0.96,0.0,0.0,0.0
3.58,0.0,0.0,0.0,0.0,0.0,0.0,0.0,0.0,0.0,0.0,0.0,0.0,0.0,0.0,0.0,-0.189333,0.094667,0.0,0.0,0.0,0.0,0.0,-0.473333,0.0,0.0,0.946667,0.0,0.0,0.0
3.6,0.0,0.0,0.0,0.0,0.0,0.0,0.0,0.0,0.0,0.0,0.0,0.0,0.0,0.0,0.0,-0.186667,0.093333,0.0,0.0,0.0,0.0,0.0,-0.466667,0.0,0.0,0.933333,0.0,0.0,0.0
3.62,0.0,0.0,0.0,0.0,0.0,0.0,0.0,0.0,0.0,0.0,0.0,0.0,0.0,0.0,0.0,-0.184,0.092,0.0,0.0,0.0,0.0,0.0,-0.46,0.0,0.0,0.92,0.0,0.0,0.0
3.64,0.0,0.0,0.0,0.0,0.0,0.0,0.0,0.0,0.0,0.0,0.0,0.0,0.0,0.0,0.0,-0.181333,0.090667,0.0,0.0,0.0,0.0,0.0,-0.453333,0.0,0.0,0.906667,0.0,0.0,0.0
3.66,0.0,0.0,0.0,0.0,0.0,0.0,0.0,0.0,0.0,0.0,0.0,0.0,0.0,0.0,0.0,-0.178667,0.089333,0.0,0.0,0.0,0.0,0.0,-0.446667,0.0,0.0,0.893333,0.0,0.0,0.0
3.68,0.0,0.0,0.0,0.0,0.0,0.0,0.0,0.0,0.0,0.0,0.0,0.0,0.0,0.0,0.0,-0.176,0.088,0.0,0.0,0.0,0.0,0.0,-0.44,0.0,0.0,0.88,0.0,0.0,0.0
3.7,0.0,0.0,0.0,0.0,0.0,0.0,0.0,0.0,0.0,0.0,0.0,0.0,0.0,0.0,0.0,-0.173333,0.086667,0.0,0.0,0.0,0.0,0.0,-0.433333,0.0,0.0,0.866667,0.0,0.0,0.0
3.72,0.0,0.0,0.0,0.0,0.0,0.0,0.0,0.0,0.0,0.0,0.0,0.0,0.0,0.0,0.0,-0.170667,0.085333,0.0,0.0,0.0,0.0,0.0,-0.426667,0.0,0.0,0.853333,0.0,0.0,0.0
3.74,0.0,0.0,0.0,0.0,0.0,0.0,0.0,0.0,0.0,0.0,0.0,0.0,0.0,0.0,0.0,-0.168,0.084,0.0,0.0,0.0,0.0,0.0,-0.42,0.0,0.0,0.84,0.0,0.0,0.0
3.76,0.0,0.0,0.0,0.0,0.0,0.0,0.0,0.0,0.0,0.0,0.0,0.0,0.0,0.0,0.0,-0.165333,0.082667,0.0,0.0,0.0,0.0,0.0,-0.413333,0.0,0.0,0.826667,0.0,0.0,0.0
3.78,0.0,0.0,0.0,0.0,0.0,0.0,0.0,0.0,0.0,0.0,0.0,0.0,0.0,0.0,0.0,-0.162667,0.081333,0.0,0.0,0.0,0.0,0.0,-0.406667,0.0,0.0,0.813333,0.0,0.0,0.0
3.8,0.0,0.0,0.0,0.0,0.0,0.0,0.0,0.0,0.0,0.0,0.0,0.0,0.0,0.0,0.0,-0.16,0.08,0.0,0.0,0.0,0.0,0.0,-0.4,0.0,0.0,0.8,0.0,0.0,0.0
3.82,0.0,0.0,0.0,0.0,0.0,0.0,0.0,0.0,0.0,0.0,0.0,0.0,0.0,0.0,0.0,-0.157333,0.078667,0.0,0.0,0.0,0.0,0.0,-0.393333,0.0,0.0,0.786667,0.0,0.0,0.0
3.84,0.0,0.0,0.0,0.0,0.0,0.0,0.0,0.0,0.0,0.0,0.0,0.0,0.0,0.0,0.0,-0.154667,0.077333,0.0,0.0,0.0,0.0,0.0,-0.386667,0.0,0.0,0.773333,0.0,0.0,0.0
3.86,0.0,0.0,0.0,0.0,0.0,0.0,0.0,0.0,0.0,0.0,0.0,0.0,0.0,0.0,0.0,-0.152,0.076,0.0,0.0,0.0,0.0,0.0,-0.38,0.0,0.0,0.76,0.0,0.0,0.0
3.88,0.0,0.0,0.0,0.0,0.0,0.0,0.0,0.0,0.0,0.0,0.0,0.0,0.0,0.0,0.0,-0.149333,0.074667,0.0,0.0,0.0,0.0,0.0,-0.373333,0.0,0.0,0.746667,0.0,0.0,0.0
3.9,0.0,0.0,0.0,0.0,0.0,0.0,0.0,0.0,0.0,0.0,0.0,0.0,0.0,0.0,0.0,-0.146667,0.073333,0.0,0.0,0.0,0.0,0.0,-0.366667,0.0,0.0,0.733333,0.0,0.0,0.0
3.92,0.0,0.0,0.0,0.0,0.0,0.0,0.0,0.0,0.0,0.0,0.0,0.0,0.0,0.0,0.0,-0.144,0.072,0.0,0.0,0.0,0.0,0.0,-0.36,0.0,0.0,0.72,0.0,0.0,0.0
3.94,0.0,0.0,0.0,0.0,0.0,0.0,0.0,0.0,0.0,0.0,0.0,0.0,0.0,0.0,0.0,-0.141333,0.070667,0.0,0.0,0.0,0.0,0.0,-0.353333,0.0,0.0,0.706667,0.0,0.0,0.0
3.96,0.0,0.0,0.0,0.0,0.0,0.0,0.0,0.0,0.0,0.0,0.0,0.0,0.0,0.0,0.0,-0.138667,0.069333,0.0,0.0,0.0,0.0,0.0,-0.346667,0.0,0.0,0.693333,0.0,0.0,0.0
3.98,0.0,0.0,0.0,0.0,0.0,0.0,0.0,0.0,0.0,0.0,0.0,0.0,0.0,0.0,0.0,-0.136,0.068,0.0,0.0,0.0,0.0,0.0,-0.34,0.0,0.0,0.68,0.0,0.0,0.0
4.0,0.0,0.0,0.0,0.0,0.0,0.0,0.0,0.0,0.0,0.0,0.0,0.0,0.0,0.0,0.0,-0.133333,0.066667,0.0,0.0,0.0,0.0,0.0,-0.333333,0.0,0.0,0.666667,0.0,0.0,0.0
4.02,0.0,0.0,0.0,0.0,0.0,0.0,0.0,0.0,0.0,0.0,0.0,0.0,0.0,0.0,0.0,-0.130667,0.065333,0.0,0.0,0.0,0.0,0.0,-0.326667,0.0,0.0,0.653333,0.0,0.0,0.0
4.04,0.0,0.0,0.0,0.0,0.0,0.0,0.0,0.0,0.0,0.0,0.0,0.0,0.0,0.0,0.0,-0.128,0.064,0.0,0.0,0.0,0.0,0.0,-0.32,0.0,0.0,0.64,0.0,0.0,0.0
4.06,0.0,0.0,0.0,0.0,0.0,0.0,0.0,0.0,0.0,0.0,0.0,0.0,0.0,0.0,0.0,-0.125333,0.062667,0.0,0.0,0.0,0.0,0.0,-0.313333,0.0,0.0,0.626667,0.0,0.0,0.0
4.08,0.0,0.0,0.0,0.0,0.0,0.0,0.0,0.0,0.0,0.0,0.0,0.0,0.0,0.0,0.0,-0.122667,0.061333,0.0,0.0,0.0,0.0,0.0,-0.306667,0.0,0.0,0.613333,0.0,0.0,0.0
4.1,0.0,0.0,0.0,0.0,0.0,0.0,0.0,0.0,0.0,0.0,0.0,0.0,0.0,0.0,0.0,-0.12,0.06,0.0,0.0,0.0,0.0,0.0,-0.3,0.0,0.0,0.6,0.0,0.0,0.0
4.12,0.0,0.0,0.0,0.0,0.0,0.0,0.0,0.0,0.0,0.0,0.0,0.0,0.0,0.0,0.0,-0.117333,0.058667,0.0,0.0,0.0,0.0,0.0,-0.293333,0.0,0.0,0.586667,0.0,0.0,0.0
4.14,0.0,0.0,0.0,0.0,0.0,0.0,0.0,0.0,0.0,0.0,0.0,0.0,0.0,0.0,0.0,-0.114667,0.057333,0.0,0.0,0.0,0.0,0.0,-0.286667,0.0,0.0,0.573333,0.0,0.0,0.0
4.16,0.0,0.0,0.0,0.0,0.0,0.0,0.0,0.0,0.0,0.0,0.0,0.0,0.0,0.0,0.0,-0.112,0.056,0.0,0.0,0.0,0.0,0.0,-0.28,0.0,0.0,0.56,0.0,0.0,0.0
4.18,0.0,0.0,0.0,0.0,0.0,0.0,0.0,0.0,0.0,0.0,0.0,0.0,0.0,0.0,0.0,-0.109333,0.054667,0.0,0.0,0.0,0.0,0.0,-0.273333,0.0,0.0,0.546667,0.0,0.0,0.0
4.2,0.0,0.0,0.0,0.0,0.0,0.0,0.0,0.0,0.0,0.0,0.0,0.0,0.0,0.0,0.0,-0.106667,0.053333,0.0,0.0,0.0,0.0,0.0,-0.266667,0.0,0.0,0.533333,0.0,0.0,0.0
4.22,0.0,0.0,0.0,0.0,0.0,0.0,0.0,0.0,0.0,0.0,0.0,0.0,0.0,0.0,0.0,-0.104,0.052,0.0,0.0,0.0,0.0,0.0,-0.26,0.0,0.0,0.52,0.0,0.0,0.0
4.24,0.0,0.0,0.0,0.0,0.0,0.0,0.0,0.0,0.0,0.0,0.0,0.0,0.0,0.0,0.0,-0.101333,0.050667,0.0,0.0,0.0,0.0,0.0,-0.253333,0.0,0.0,0.506667,0.0,0.0,0.0
4.26,0.0,0.0,0.0,0.0,0.0,0.0,0.0,0.0,0.0,0.0,0.0,0.0,0.0,0.0,0.0,-0.098667,0.049333,0.0,0.0,0.0,0.0,0.0,-0.246667,0.0,0.0,0.493333,0.0,0.0,0.0
4.28,0.0,0.0,0.0,0.0,0.0,0.0,0.0,0.0,0.0,0.0,0.0,0.0,0.0,0.0,0.0,-0.096,0.048,0.0,0.0,0.0,0.0,0.0,-0.24,0.0,0.0,0.48,0.0,0.0,0.0
4.3,0.0,0.0,0.0,0.0,0.0,0.0,0.0,0.0,0.0,0.0,0.0,0.0,0.0,0.0,0.0,-0.093333,0.046667,0.0,0.0,0.0,0.0,0.0,-0.233333,0.0,0.0,0.466667,0.0,0.0,0.0
4.32,0.0,0.0,0.0,0.0,0.0,0.0,0.0,0.0,0.0,0.0,0.0,0.0,0.0,0.0,0.0,-0.090667,0.045333,0.0,0.0,0.0,0.0,0.0,-0.226667,0.0,0.0,0.453333,0.0,0.0,0.0
4.34,0.0,0.0,0.0,0.0,0.0,0.0,0.0,0.0,0.0,0.0,0.0,0.0,0.0,0.0,0.0,-0.088,0.044,0.0,0.0,0.0,0.0,0.0,-0.22,0.0,0.0,0.44,0.0,0.0,0.0
4.36,0.0,0.0,0.0,0.0,0.0,0.0,0.0,0.0,0.0,0.0,0.0,0.0,0.0,0.0,0.0,-0.085333,0.042667,0.0,0.0,0.0,0.0,0.0,-0.213333,0.0,0.0,0.426667,0.0,0.0,0.0
4.38,0.0,0.0,0.0,0.0,0.0,0.0,0.0,0.0,0.0,0.0,0.0,0.0,0.0,0.0,0.0,-0.082667,0.041333,0.0,0.0,0.0,0.0,0.0,-0.206667,0.0,0.0,0.413333,0.0,0.0,0.0
4.4,0.0,0.0,0.0,0.0,0.0,0.0,0.0,0.0,0.0,0.0,0.0,0.0,0.0,0.0,0.0,-0.08,0.04,0.0,0.0,0.0,0.0,0.0,-0.2,0.0,0.0,0.4,0.0,0.0,0.0
4.42,0.0,0.0,0.0,0.0,0.0,0.0,0.0,0.0,0.0,0.0,0.0,0.0,0.0,0.0,0.0,-0.077333,0.038667,0.0,0.0,0.0,0.0,0.0,-0.193333,0.0,0.0,0.386667,0.0,0.0,0.0
4.44,0.0,0.0,0.0,0.0,0.0,0.0,0.0,0.0,0.0,0.0,0.0,0.0,0.0,0.0,0.0,-0.074667,0.037333,0.0,0.0,0.0,0.0,0.0,-0.186667,0.0,0.0,0.373333,0.0,0.0,0.0
4.46,0.0,0.0,0.0,0.0,0.0,0.0,0.0,0.0,0.0,0.0,0.0,0.0,0.0,0.0,0.0,-0.072,0.036,0.0,0.0,0.0,0.0,0.0,-0.18,0.0,0.0,0.36,0.0,0.0,0.0
4.48,0.0,0.0,0.0,0.0,0.0,0.0,0.0,0.0,0.0,0.0,0.0,0.0,0.0,0.0,0.0,-0.069333,0.034667,0.0,0.0,0.0,0.0,0.0,-0.173333,0.0,0.0,0.346667,0.0,0.0,0.0
4.5,0.0,0.0,0.0,0.0,0.0,0.0,0.0,0.0,0.0,0.0,0.0,0.0,0.0,0.0,0.0,-0.066667,0.033333,0.0,0.0,0.0,0.0,0.0,-0.166667,0.0,0.0,0.333333,0.0,0.0,0.0
4.52,0.0,0.0,0.0,0.0,0.0,0.0,0.0,0.0,0.0,0.0,0.0,0.0,0.0,0.0,0.0,-0.064,0.032,0.0,0.0,0.0,0.0,0.0,-0.16,0.0,0.0,0.32,0.0,0.0,0.0
4.54,0.0,0.0,0.0,0.0,0.0,0.0,0.0,0.0,0.0,0.0,0.0,0.0,0.0,0.0,0.0,-0.061333,0.030667,0.0,0.0,0.0,0.0,0.0,-0.153333,0.0,0.0,0.306667,0.0,0.0,0.0
4.56,0.0,0.0,0.0,0.0,0.0,0.0,0.0,0.0,0.0,0.0,0.0,0.0,0.0,0.0,0.0,-0.058667,0.029333,0.0,0.0,0.0,0.0,0.0,-0.146667,0.0,0.0,0.293333,0.0,0.0,0.0
4.58,0.0,0.0,0.0,0.0,0.0,0.0,0.0,0.0,0.0,0.0,0.0,0.0,0.0,0.0,0.0,-0.056,0.028,0.0,0.0,0.0,0.0,0.0,-0.14,0.0,0.0,0.28,0.0,0.0,0.0
4.6,0.0,0.0,0.0,0.0,0.0,0.0,0.0,0.0,0.0,0.0,0.0,0.0,0.0,0.0,0.0,-0.053333,0.026667,0.0,0.0,0.0,0.0,0.0,-0.133333,0.0,0.0,0.266667,0.0,0.0,0.0
4.62,0.0,0.0,0.0,0.0,0.0,0.0,0.0,0.0,0.0,0.0,0.0,0.0,0.0,0.0,0.0,-0.050667,0.025333,0.0,0.0,0.0,0.0,0.0,-0.126667,0.0,0.0,0.253333,0.0,0.0,0.0
4.64,0.0,0.0,0.0,0.0,0.0,0.0,0.0,0.0,0.0,0.0,0.0,0.0,0.0,0.0,0.0,-0.048,0.024,0.0,0.0,0.0,0.0,0.0,-0.12,0.0,0.0,0.24,0.0,0.0,0.0
4.66,0.0,0.0,0.0,0.0,0.0,0.0,0.0,0.0,0.0,0.0,0.0,0.0,0.0,0.0,0.0,-0.045333,0.022667,0.0,0.0,0.0,0.0,0.0,-0.113333,0.0,0.0,0.226667,0.0,0.0,0.0
4.68,0.0,0.0,0.0,0.0,0.0,0.0,0.0,0.0,0.0,0.0,0.0,0.0,0.0,0.0,0.0,-0.042667,0.021333,0.0,0.0,0.0,0.0,0.0,-0.106667,0.0,0.0,0.213333,0.0,0.0,0.0
4.7,0.0,0.0,0.0,0.0,0.0,0.0,0.0,0.0,0.0,0.0,0.0,0.0,0.0,0.0,0.0,-0.04,0.02,0.0,0.0,0.0,0.0,0.0,-0.1,0.0,0.0,0.2,0.0,0.0,0.0
4.72,0.0,0.0,0.0,0.0,0.0,0.0,0.0,0.0,0.0,0.0,0.0,0.0,0.0,0.0,0.0,-0.037333,0.018667,0.0,0.0,0.0,0.0,0.0,-0.093333,0.0,0.0,0.186667,0.0,0.0,0.0
4.74,0.0,0.0,0.0,0.0,0.0,0.0,0.0,0.0,0.0,0.0,0.0,0.0,0.0,0.0,0.0,-0.034667,0.017333,0.0,0.0,0.0,0.0,0.0,-0.086667,0.0,0.0,0.173333,0.0,0.0,0.0
4.76,0.0,0.0,0.0,0.0,0.0,0.0,0.0,0.0,0.0,0.0,0.0,0.0,0.0,0.0,0.0,-0.032,0.016,0.0,0.0,0.0,0.0,0.0,-0.08,0.0,0.0,0.16,0.0,0.0,0.0
4.78,0.0,0.0,0.0,0.0,0.0,0.0,0.0,0.0,0.0,0.0,0.0,0.0,0.0,0.0,0.0,-0.029333,0.014667,0.0,0.0,0.0,0.0,0.0,-0.073333,0.0,0.0,0.146667,0.0,0.0,0.0
4.8,0.0,0.0,0.0,0.0,0.0,0.0,0.0,0.0,0.0,0.0,0.0,0.0,0.0,0.0,0.0,-0.026667,0.013333,0.0,0.0,0.0,0.0,0.0,-0.066667,0.0,0.0,0.133333,0.0,0.0,0.0
4.82,0.0,0.0,0.0,0.0,0.0,0.0,0.0,0.0,0.0,0.0,0.0,0.0,0.0,0.0,0.0,-0.024,0.012,0.0,0.0,0.0,0.0,0.0,-0.06,0.0,0.0,0.12,0.0,0.0,0.0
4.84,0.0,0.0,0.0,0.0,0.0,0.0,0.0,0.0,0.0,0.0,0.0,0.0,0.0,0.0,0.0,-0.021333,0.010667,0.0,0.0,0.0,0.0,0.0,-0.053333,0.0,0.0,0.106667,0.0,0.0,0.0
4.86,0.0,0.0,0.0,0.0,0.0,0.0,0.0,0.0,0.0,0.0,0.0,0.0,0.0,0.0,0.0,-0.018667,0.009333,0.0,0.0,0.0,0.0,0.0,-0.046667,0.0,0.0,0.093333,0.0,0.0,0.0
4.88,0.0,0.0,0.0,0.0,0.0,0.0,0.0,0.0,0.0,0.0,0.0,0.0,0.0,0.0,0.0,-0.016,0.008,0.0,0.0,0.0,0.0,0.0,-0.04,0.0,0.0,0.08,0.0,0.0,0.0
4.9,0.0,0.0,0.0,0.0,0.0,0.0,0.0,0.0,0.0,0.0,0.0,0.0,0.0,0.0,0.0,-0.013333,0.006667,0.0,0.0,0.0,0.0,0.0,-0.033333,0.0,0.0,0.066667,0.0,0.0,0.0
4.92,0.0,0.0,0.0,0.0,0.0,0.0,0.0,0.0,0.0,0.0,0.0,0.0,0.0,0.0,0.0,-0.010667,0.005333,0.0,0.0,0.0,0.0,0.0,-0.026667,0.0,0.0,0.053333,0.0,0.0,0.0
4.94,0.0,0.0,0.0,0.0,0.0,0.0,0.0,0.0,0.0,0.0,0.0,0.0,0.0,0.0,0.0,-0.008,0.004,0.0,0.0,0.0,0.0,0.0,-0.02,0.0,0.0,0.04,0.0,0.0,0.0
4.96,0.0,0.0,0.0,0.0,0.0,0.0,0.0,0.0,0.0,0.0,0.0,0.0,0.0,0.0,0.0,-0.005333,0.002667,0.0,0.0,0.0,0.0,0.0,-0.013333,0.0,0.0,0.026667,0.0,0.0,0.0
4.98,0.0,0.0,0.0,0.0,0.0,0.0,0.0,0.0,0.0,0.0,0.0,0.0,0.0,0.0,0.0,-0.002667,0.001333,0.0,0.0,0.0,0.0,0.0,-0.006667,0.0,0.0,0.013333,0.0,0.0,0.0
5.0,0.0,0.0,0.0,0.0,0.0,0.0,0.0,0.0,0.0,0.0,0.0,0.0,0.0,0.0,0.0,-0.0,0.0,0.0,0.0,0.0,0.0,0.0,-0.0,0.0,0.0,0.0,0.0,0.0,0.0
